{"counties":["CCTV-1","CCTV-2","CCTV-7","CCTV-13","旅游卫视","中国教育电视台","中国气象频道","中央人民广播电台","中国天气网","中国天气网移动端"],"timeline":[1,2,3,4,5,6,7,8,9,10],"series":[[[815,34.05,351014,"中央人民广播电台",1],[1314,39,645526,"中国天气网",1],[985,32,321675013,"CCTV-1",1],[864,32.2,345043,"中国天气网移动端",1],[1803,33.96717024,29355111,"中国教育电视台",1],[1639,38.37,22886919,"中国气象频道",1],[1052,25.4424,168574895,"旅游卫视",1],[1430,29.5734572,31088398,"CCTV-13",1],[3431,38.6497603,12327466,"CCTV-7",1],[2128,39.41,6801854,"CCTV-2",1]],[[834,34.05,342440,"中央人民广播电台",2],[1400,39.01496774,727603,"中国天气网",2],[985,32,350542958,"CCTV-1",2],[970,33.64,470176,"中国天气网移动端",2],[1839,37.4,30293172,"中国教育电视台",2],[1759,38.37,23882461,"中国气象频道",2],[1051,25.4424,171940819,"旅游卫视",2],[1447,29.5734572,31088398,"CCTV-13",2],[3575,38.34738144,14106058,"CCTV-7",2],[2283,39.41,8294928,"CCTV-2",2]],[[853,34.05,334002,"中央人民广播电台",3],[1491,39.02993548,879432,"中国天气网",3],[985,32,380055273,"CCTV-1",3],[1090,35.04,607664,"中国天气网移动端",3],[1876,39.21,31549988,"中国教育电视台",3],[1887,38.37,25507768,"中国气象频道",3],[1050,25.4424,176225709,"旅游卫视",3],[1464,29.5734572,31861526,"CCTV-13",3],[3403,41.31247671,16221883,"CCTV-7",3],[2242,39.41,10361646,"CCTV-2",3]],[[1399,34.05,348143,"中央人民广播电台",4],[1651,39.04490323,1202146,"中国天气网",4],[986,32,402373519,"CCTV-1",4],[1224,35.74,772812,"中国天气网移动端",4],[1799,39.56,33174810,"中国教育电视台",4],[2024,38.37,28016571,"中国气象频道",4],[1052,25.4424,182214537,"旅游卫视",4],[1562,29.5734572,34134430,"CCTV-13",4],[3661,43.01830917,18533999,"CCTV-7",4],[2552,39.41,13480460,"CCTV-2",4]],[[2269,34.05,434095,"中央人民广播电台",5],[1922,40.19012,1745604,"中国天气网",5],[986,32,411213424,"CCTV-1",5],[1374,36.48,975565,"中国天气网移动端",5],[2184,40.37,34854476,"中国教育电视台",5],[2102,38.37,31016143,"中国气象频道",5],[1053,25.4424,189298397,"旅游卫视",5],[1666,29.5734572,37420913,"CCTV-13",5],[4149,39.92715263,20737251,"CCTV-7",5],[2792,39.41,17942443,"CCTV-2",5]],[[3267,34.05,742619,"中央人民广播电台",6],[2202,40.985432,2487811,"中国天气网",6],[985,32,402711280,"CCTV-1",6],[1543,36.26,1181650,"中国天气网移动端",6],[2146,43.28,36277905,"中国教育电视台",6],[2182,38.37,33663143,"中国气象频道",6],[1055,25.4424,196657653,"旅游卫视",6],[1778,29.5734572,41023821,"CCTV-13",6],[4480,42.8,22623571,"CCTV-7",6],[3059,39.41,24136293,"CCTV-2",6]],[[4795,34.05,1256048,"中央人民广播电台",7],[2406,41.541504,3231465,"中国天气网",7],[1023,28.85,380047548,"CCTV-1",7],[1733,36.24,1324000,"中国天气网移动端",7],[3086,43.33,37461341,"中国教育电视台",7],[2509,38.37,36383150,"中国气象频道",7],[1056,23,204966302,"旅游卫视",7],[1896,29.5734572,44966686,"CCTV-13",7],[5268,43.01,24783522,"CCTV-7",7],[3714,39.41,31936643,"CCTV-2",7]],[[5431,34.05,1724213,"中央人民广播电台",8],[2815,42.460624,3817167,"中国天气网",8],[1099,31.95714286,363661158,"CCTV-1",8],[1946,29.66,1424672,"中国天气网移动端",8],[3297,36.41,38170355,"中国教育电视台",8],[2819,38.37,39702235,"中国气象频道",8],[1058,25.4424,213725049,"旅游卫视",8],[2023,31.12082604,49288504,"CCTV-13",8],[6046,40.95,27651628,"CCTV-7",8],[4058,39.41,40821569,"CCTV-2",8]],[[7120,39.34215686,2253007,"中央人民广播电台",9],[3021,44.512464,4360348,"中国天气网",9],[1015,32,365544192,"CCTV-1",9],[2185,36.84,1555081,"中国天气网移动端",9],[3555,42.73,39014053,"中国教育电视台",9],[3057,38.905,43577358,"中国气象频道",9],[1084,25.4424,223020377,"旅游卫视",9],[2158,30.20106663,53996807,"CCTV-13",9],[6553,43.78,30849957,"CCTV-7",9],[5292,39.41,51256498,"CCTV-2",9]],[[7418,44.63431373,3088808,"中央人民广播电台",10],[3963,45.12972,4908078,"中国天气网",10],[918,32,377135349,"CCTV-1",10],[2454,39.54,1658274,"中国天气网移动端",10],[3639,43.36,40015501,"中国教育电视台",10],[3733,40.91,48211294,"中国气象频道",10],[1163,24.384,232819584,"旅游卫视",10],[2233,29.93047652,59151534,"CCTV-13",10],[7169,44.75,34215580,"CCTV-7",10],[5646,45.21,63810074,"CCTV-2",10]]]}